Product Name,Slogan / Signal,Sector,Use-case Fit,2025 Market Benchmark ($B),Overscale Projection ($B),ROI % Esti
CryoLife Vaultlets,Freeze time. Restore life.,Healing Medicine & Biology,Longevity,210,580,176
Soul Recode Pods,Realign your DNA. Reclaim your soul.,Healing Medicine & Biology,Genetic repair,190,540,184
Ziphonate Cores,Power beyond limits.,Energy Agriculture & Planet Systems,Energy yield,420,1200,186
PlasmaPearl Reactors,Ocean-born energy.,Energy Agriculture & Planet Systems,Infinite hydro power,310,890,187
Portal Key Tokens,Cross realms. Safely.,Travel Expansion & Mobility,Dimensional trade,160,470,194
Codex Authority Badges,Rule with scrollbound power.,Defense Military & Security,Governance,210,630,200
SmartAd Beacons,Advertise across time.,Economy Commerce & Finance,Scroll reach,390,960,146
BLEUJustice Domes,Law that breathes.,Military Academies & Justice Domes,Conflict resolution,180,480,167
MetaCurriculum Pods,Learn faster than light.,Schools Training & Education,Skill yield,130,430,231
HydroDome Farms,Grow oceans indoors.,Agriculture & Food Systems,Food security,240,720,200
NanoHeal Clouds,Let the air heal you.,Healing Medicine & Biology,Mass healing,250,710,184
Immortality Credits,Buy resurrection. Mint eternity.,Healing Medicine & Biology,Revival access,270,820,204
SkyyBleu Serums,Drink light. Heal faster.,Healing Medicine & Biology,Cell repair,180,530,194
Quantum Detox Chambers,Cleanse at the atomic level.,Healing Medicine & Biology,Radiation immunity,160,490,206
Ancestral Engrams,Your lineage lives in crystal.,Memory Legacy & Knowledge,Heritage recall,200,610,205
Eternal Archive Nodes,Libraries that never die.,Memory Legacy & Knowledge,Codex updates,150,470,213
Lineage Bridges,Cross bloodlines. Merge legacies.,Memory Legacy & Knowledge,Diplomacy,170,520,206
History Rewrite Modules,Truth is programmable.,Memory Legacy & Knowledge,Justice restoration,190,600,216
HeavenGold Bonds,Build once. Regenerate forever.,Energy Agriculture & Planet Systems,Self-healing cities,390,1040,167
InfinityLoop Vaultlets,Treasuries that multiply themselves.,Energy Agriculture & Planet Systems,Recursive finance,280,800,186
WarpJump Engines,Plug in. Jump out.,Travel Expansion & Mobility,FTL fleets,290,870,200
HoverLane 8 Pods,Trade faster than thought.,Travel Expansion & Mobility,Yield acceleration,230,740,222
PhaseWalk Cannons,Defend across dimensions.,Defense Military & Security,Hostile deterrence,370,980,165
MirrorGuard Shields,Reflect intent. Protect peace.,Defense Military & Security,Attack reversal,310,910,194
BLEUFleet Outposts,Bases in every orbit.,Travel Expansion & Mobility,Resupply,180,620,244
HoloConcert Domes,Perform across timelines.,Culture Sports & Influence,Cultural resonance,160,550,244
BLEU SportsVerse Arenas,Play for the cosmos.,Culture Sports & Influence,Meritocracy,210,730,248
Combat Academies,Train like kings.,Schools Training & Education,Elite soldiers,190,560,195